<?xml version="1.0" encoding="UTF-8" ?>
<!DOCTYPE struts PUBLIC
	"-//Apache Software Foundation//DTD Struts Configuration 2.3//EN"
	"http://struts.apache.org/dtds/struts-2.3.dtd">

<struts>
    <constant name="struts.enable.DynamicMethodInvocation" value="false" />
    <constant name="struts.devMode" value="true" />
    <constant name="struts.ui.theme" value="simple" />
	<constant name="struts.action.extension" value="action" />
	
	<package name="base-default" namespace="/" extends="json-default">
		
		<action name="user_*" method="{1}" class="cn.wellstudio.precisehelp.action.UserAction">
			<result name="registerSuceess">index.jsp</result>
			<result name="loginSuceess">index.jsp</result>
			<result name="updateSuceess">index.jsp</result>
			<!-- 操作失败 -->
			<result name="operationFail" type="json">
				<param name="contentType">text/html</param>
				<param name="root">Msg</param>
			</result>
		</action>
		
		<action name="userinfo_*" method="{1}" class="cn.wellstudio.precisehelp.action.UserInfoAction" >
			<result name="updateSuceess">index.jsp</result>
			<!-- 操作失败 -->
			<result name="findSuceess" type="json">
				<param name="contentType">text/html</param>
				<param name="root">usersinfo</param>
			</result>
		
		</action>
		
		
		
		
		<action name="admin_*" method="{1}" class="cn.wellstudio.precisehelp.action.AdminAction">
			<result name="loginSuccess" type="redirect">index.jsp</result>
			<result name="loginFail" type="json">
				<param name="contentType">text/html</param>
				<param name="root">loginMsg</param>
			</result>
			
		</action>
		
		<action name="goods_*" method="{1}" class="cn.wellstudio.precisehelp.action.GoodsAction">
			<result name="createSuccess">index.jsp</result>
			<result name="createFail">index.jsp</result>
			<result name="updateSuccess">index.jsp</result>
			<result name="updateFail">index.jsp</result>
			<result name="error">index.jsp</result>
			
			<result name="findAllGoods" type="json">
				<param name="contentType">text/html</param>
				<param name="root">goodsList</param>
				<param name="excludeProperties">
					goodsList\[\d+\]\.commentses,
					goodsList\[\d+\]\.goodsquestions,
					goodsList\[\d+\]\.usersfavorites,
					goodsList\[\d+\]\.shoppingcarts,
					goodsList\[\d+\]\.orderTodos,
					goodsList\[\d+\]\.orderDoings,
					goodsList\[\d+\]\.orderDones
				</param>
			</result>
			
			<result name="goodsDetailInfo" type="json">
				<param name="contentType">text/html</param>
				<param name="root">goodsInfo</param>
			</result>
			
			<result name="findGoodsByType" type="json">
				<param name="contentType">text/html</param>
				<param name="root">goodsList</param>
				<param name="excludeProperties">
					goodsList\[\d+\]\.commentses,
					goodsList\[\d+\]\.goodsquestions,
					goodsList\[\d+\]\.usersfavorites,
					goodsList\[\d+\]\.shoppingcarts
				</param>
			</result>
			<result name="findGoodsByName" type="json">
				<param name="contentType">text/html</param>
				<param name="root">goodsList</param>
				<param name="excludeProperties">
					goodsList\[\d+\]\.commentses,
					goodsList\[\d+\]\.goodsquestions,
					goodsList\[\d+\]\.usersfavorites,
					goodsList\[\d+\]\.shoppingcarts
				</param>
			</result>
			<result name="findGoodsByArea" type="json">
				<param name="contentType">text/html</param>
				<param name="root">goodsList</param>
				<param name="excludeProperties">
					goodsList\[\d+\]\.commentses,
					goodsList\[\d+\]\.goodsquestions,
					goodsList\[\d+\]\.usersfavorites,
					goodsList\[\d+\]\.shoppingcarts
				</param>
			</result>
		</action>

		
		
	</package>
	
	
	
	
	
</struts>
