<?xml version="1.0" encoding="utf-8"?>
<!DOCTYPE hibernate-mapping PUBLIC "-//Hibernate/Hibernate Mapping DTD 3.0//EN"
"http://hibernate.sourceforge.net/hibernate-mapping-3.0.dtd">
<!-- 
    Mapping file autogenerated by MyEclipse Persistence Tools
-->
<hibernate-mapping>
    <class name="cn.wellstudio.precisehelp.entity.Adminsinfo" table="adminsinfo" catalog="precisehelp">
        <id name="adminfoId" type="java.lang.Integer">
            <column name="adminfo_id" />
            <generator class="native" />
        </id>
        <property name="admNum" type="java.lang.String">
            <column name="adm_num" length="20" />
        </property>
        <property name="admNickname" type="java.lang.String">
            <column name="adm_nickname" length="20" />
        </property>
        <property name="admImg" type="java.lang.String">
            <column name="adm_img" length="50" />
        </property>
        <property name="admName" type="java.lang.String">
            <column name="adm_name" length="10" />
        </property>
        <property name="admPhone" type="java.lang.String">
            <column name="adm_phone" length="20" />
        </property>
        <property name="admIdnum" type="java.lang.String">
            <column name="adm_idnum" length="20" />
        </property>
        <property name="admId" type="java.lang.String">
            <column name="adm_id" length="60" />
        </property>
    </class>
</hibernate-mapping>
