<?xml version="1.0" encoding="utf-8"?>
<!DOCTYPE hibernate-mapping PUBLIC "-//Hibernate/Hibernate Mapping DTD 3.0//EN"
"http://hibernate.sourceforge.net/hibernate-mapping-3.0.dtd">
<!-- 
    Mapping file autogenerated by MyEclipse Persistence Tools
-->
<hibernate-mapping>
    <class name="cn.wellstudio.precisehelp.entity.Comments" table="comments" catalog="precisehelp">
        <id name="comId" type="java.lang.Integer">
            <column name="com_id" />
            <generator class="native" />
        </id>
        <property name="comContent" type="java.lang.String">
            <column name="com_content" length="250" />
        </property>
        <property name="comTime" type="java.sql.Timestamp">
            <column name="com_time" length="19" />
        </property>
        <property name="comUps" type="java.lang.Integer">
            <column name="com_ups" />
        </property>
        <property name="comRes" type="java.lang.Integer">
            <column name="com_res" />
        </property>
        <property name="orderdoneId" type="java.lang.Integer">
            <column name="orderdone_id" />
        </property>
        <property name="comParentId" type="java.lang.Integer">
            <column name="com_parent" />
        </property>
        <property name="userId" type="java.lang.String">
            <column name="user_id" length="60" />
        </property>
        <property name="goodsId" type="java.lang.String">
            <column name="goods_id" length="60" />
        </property>
    </class>
</hibernate-mapping>
