<?xml version="1.0" encoding="utf-8"?>
<!DOCTYPE hibernate-mapping PUBLIC "-//Hibernate/Hibernate Mapping DTD 3.0//EN"
"http://hibernate.sourceforge.net/hibernate-mapping-3.0.dtd">
<!-- 
    Mapping file autogenerated by MyEclipse Persistence Tools
-->
<hibernate-mapping>
    <class name="cn.wellstudio.precisehelp.entity.Coupons" table="coupons" catalog="precisehelp">
        <id name="couId" type="java.lang.String">
            <column name="cou_id" length="60" />
            <generator class="uuid.hex" />
        </id>
        <property name="couNumber" type="java.lang.String">
            <column name="cou_number" length="30" />
        </property>
        <property name="userId" type="java.lang.String">
            <column name="user_id" length="60" />
        </property>
        <property name="couponstypeId" type="java.lang.Integer">
            <column name="cou_typeid" />
        </property>
        <property name="couStartTime" type="java.sql.Timestamp">
            <column name="cou_start_time" length="19" />
        </property>
        <property name="couEndTime" type="java.sql.Timestamp">
            <column name="cou_end_time" length="19" />
        </property>
        <property name="couUseTime" type="java.sql.Timestamp">
            <column name="cou_use_time" length="19" />
        </property>
    </class>
</hibernate-mapping>
