<?xml version="1.0" encoding="utf-8"?>
<!DOCTYPE hibernate-mapping PUBLIC "-//Hibernate/Hibernate Mapping DTD 3.0//EN"
"http://hibernate.sourceforge.net/hibernate-mapping-3.0.dtd">
<!-- 
    Mapping file autogenerated by MyEclipse Persistence Tools
-->
<hibernate-mapping>
    <class name="cn.wellstudio.precisehelp.entity.Couponstype" table="couponstype" catalog="precisehelp">
        <id name="typeId" type="java.lang.Integer">
            <column name="type_id" />
            <generator class="native" />
        </id>
        <property name="typeName" type="java.lang.String">
            <column name="type_name" length="30" />
        </property>
        <property name="typeGoods" type="java.lang.String">
            <column name="type_goods" length="80" />
        </property>
        <property name="typeInvalid" type="java.lang.Integer">
            <column name="type_invalid" />
        </property>
        <property name="typeCandis" type="java.lang.Integer">
            <column name="type_candis" />
        </property>
        <property name="typeRequire" type="java.lang.Double">
            <column name="type_require" precision="22" scale="0" />
        </property>
        <property name="typeValue" type="java.lang.Double">
            <column name="type_value" precision="22" scale="0" />
        </property>
        <property name="typePercent" type="java.lang.Double">
            <column name="type_percent" precision="22" scale="0" />
        </property>
        <set name="couponses" inverse="true">
            <key>
                <column name="cou_typeid" />
            </key>
            <one-to-many class="cn.wellstudio.precisehelp.entity.Coupons" />
        </set>
    </class>
</hibernate-mapping>
