<?xml version="1.0" encoding="utf-8"?>
<!DOCTYPE hibernate-mapping PUBLIC "-//Hibernate/Hibernate Mapping DTD 3.0//EN"
"http://hibernate.sourceforge.net/hibernate-mapping-3.0.dtd">
<!-- 
    Mapping file autogenerated by MyEclipse Persistence Tools
-->
<hibernate-mapping>
    <class name="cn.wellstudio.precisehelp.entity.Express" table="express" catalog="precisehelp">
        <id name="expressId" type="java.lang.Integer">
            <column name="express_id" />
            <generator class="native" />
        </id>
        <property name="expressKcom" type="java.lang.String">
            <column name="express_kcom" length="20" />
        </property>
        <property name="expressKnum" type="java.lang.String">
            <column name="express_knum" length="50" />
        </property>
        <property name="expressContent" type="java.lang.String">
            <column name="express_content" length="65535" />
        </property>
    </class>
</hibernate-mapping>
