<?xml version="1.0" encoding="utf-8"?>
<!DOCTYPE hibernate-mapping PUBLIC "-//Hibernate/Hibernate Mapping DTD 3.0//EN"
"http://hibernate.sourceforge.net/hibernate-mapping-3.0.dtd">
<!-- 
    Mapping file autogenerated by MyEclipse Persistence Tools
-->
<hibernate-mapping>
    <class name="cn.wellstudio.precisehelp.entity.Goodsarea" table="goodsarea" catalog="precisehelp">
        <id name="areaId" type="java.lang.Integer">
            <column name="area_id" />
            <generator class="native" />
        </id>
        <property name="areaName" type="java.lang.String">
            <column name="area_name" length="50" />
        </property>
        <property name="areaLocation" type="java.lang.String">
            <column name="area_location" length="100" />
        </property>
        <property name="areaStat" type="java.lang.String">
            <column name="area_stat" length="65535" />
        </property>
    </class>
</hibernate-mapping>
