<?xml version="1.0" encoding="utf-8"?>
<!DOCTYPE hibernate-mapping PUBLIC "-//Hibernate/Hibernate Mapping DTD 3.0//EN"
"http://hibernate.sourceforge.net/hibernate-mapping-3.0.dtd">
<!-- 
    Mapping file autogenerated by MyEclipse Persistence Tools
-->
<hibernate-mapping>
    <class name="cn.wellstudio.precisehelp.entity.Goodsinfo" table="goodsinfo" catalog="precisehelp">
        <id name="goodsId" type="java.lang.String">
            <column name="goods_id" length="60" />
            <generator class="uuid.hex" />
        </id>
        <property name="goodsName" type="java.lang.String">
            <column name="goods_name" length="50" />
        </property>
        <property name="goodsImg" type="java.lang.String">
            <column name="goods_img" length="100" />
        </property>
        <property name="goodsStat" type="java.lang.String">
            <column name="goods_stat" length="65535" />
        </property>
        <property name="goodsLastPrice" type="java.lang.Double">
            <column name="goods_last_price" precision="22" scale="0" />
        </property>
        <property name="goodsNowPrice" type="java.lang.Double">
            <column name="goods_now_price" precision="22" scale="0" />
        </property>
        <property name="goodsDiscount" type="java.lang.Double">
            <column name="goods_discount" precision="22" scale="0" />
        </property>
        <property name="goodsPriceUnit" type="java.lang.String">
            <column name="goods_price_unit" length="10" />
        </property>
        <property name="goodsareaId" type="java.lang.Integer">
            <column name="goodsarea_id" />
        </property>
        <property name="goodstypeId" type="java.lang.Integer">
            <column name="goodstype_id" />
        </property>
    </class>
</hibernate-mapping>
