<?xml version="1.0" encoding="utf-8"?>
<!DOCTYPE hibernate-mapping PUBLIC "-//Hibernate/Hibernate Mapping DTD 3.0//EN"
"http://hibernate.sourceforge.net/hibernate-mapping-3.0.dtd">
<!-- 
    Mapping file autogenerated by MyEclipse Persistence Tools
-->
<hibernate-mapping>
    <class name="cn.wellstudio.precisehelp.entity.Goodsquestion" table="goodsquestion" catalog="precisehelp">
        <id name="quesId" type="java.lang.String">
            <column name="ques_id" length="60" />
            <generator class="uuid.hex" />
        </id>
        <property name="quesTitle" type="java.lang.String">
            <column name="ques_title" length="50" />
        </property>
        <property name="quesContent" type="java.lang.String">
            <column name="ques_content" length="65535" />
        </property>
        <property name="quesTime" type="java.sql.Timestamp">
            <column name="ques_time" length="19" />
        </property>
        <property name="quesClose" type="java.lang.Integer">
            <column name="ques_close" />
        </property>
        <property name="userId" type="java.lang.String">
            <column name="user_id" length="60" />
        </property>
        <property name="goodsId" type="java.lang.String">
            <column name="goods_id" length="60" />
        </property>
    </class>
</hibernate-mapping>
