<?xml version="1.0" encoding="utf-8"?>
<!DOCTYPE hibernate-mapping PUBLIC "-//Hibernate/Hibernate Mapping DTD 3.0//EN"
"http://hibernate.sourceforge.net/hibernate-mapping-3.0.dtd">
<!-- 
    Mapping file autogenerated by MyEclipse Persistence Tools
-->
<hibernate-mapping>
    <class name="cn.wellstudio.precisehelp.entity.Goodstype" table="goodstype" catalog="precisehelp">
        <id name="typeId" type="java.lang.Integer">
            <column name="type_id" />
            <generator class="native" />
        </id>
        <property name="typeName" type="java.lang.String">
            <column name="type_name" length="20" />
        </property>
        <property name="typeStat" type="java.lang.String">
            <column name="type_stat" length="250" />
        </property>
    </class>
</hibernate-mapping>
