<?xml version="1.0" encoding="utf-8"?>
<!DOCTYPE hibernate-mapping PUBLIC "-//Hibernate/Hibernate Mapping DTD 3.0//EN"
"http://hibernate.sourceforge.net/hibernate-mapping-3.0.dtd">
<!-- 
    Mapping file autogenerated by MyEclipse Persistence Tools
-->
<hibernate-mapping>
    <class name="cn.wellstudio.precisehelp.entity.Letters" table="letters" catalog="precisehelp">
        <id name="letId" type="java.lang.String">
            <column name="let_id" length="60" />
            <generator class="uuid.hex" />
        </id>
        <property name="letTitle" type="java.lang.String">
            <column name="let_title" length="30" />
        </property>
        <property name="letContent" type="java.lang.String">
            <column name="let_content" length="65535" />
        </property>
        <property name="letTime" type="java.sql.Timestamp">
            <column name="let_time" length="19" />
        </property>
        <property name="letDraft" type="java.lang.Integer">
            <column name="let_draft" />
        </property>
        <property name="letStat" type="java.lang.Integer">
            <column name="let_stat" />
        </property>
        <property name="letSys" type="java.lang.Integer">
            <column name="let_sys" />
        </property>
        <property name="letFrom" type="java.lang.String">
            <column name="let_from" length="60" />
        </property>
        <property name="letTo" type="java.lang.String">
            <column name="let_to" length="60" />
        </property>
    </class>
</hibernate-mapping>
