<?xml version="1.0" encoding="utf-8"?>
<!DOCTYPE hibernate-mapping PUBLIC "-//Hibernate/Hibernate Mapping DTD 3.0//EN"
"http://hibernate.sourceforge.net/hibernate-mapping-3.0.dtd">
<!-- 
    Mapping file autogenerated by MyEclipse Persistence Tools
-->
<hibernate-mapping>
    <class name="cn.wellstudio.precisehelp.entity.OrderDone" table="order_done" catalog="precisehelp">
        <id name="orderdoneId" type="java.lang.Integer">
            <column name="orderdone_id" />
            <generator class="native" />
        </id>
        <property name="orderNum" type="java.lang.String">
            <column name="order_num" length="30" />
        </property>
        <property name="orderPs" type="java.lang.String">
            <column name="order_ps" length="200" />
        </property>
        <property name="orderTime" type="java.sql.Timestamp">
            <column name="order_time" length="19" />
        </property>
        <property name="addressId" type="java.lang.Integer">
            <column name="address_id" />
        </property>
        <property name="orderKcom" type="java.lang.String">
            <column name="order_kcom" length="20" />
        </property>
        <property name="orderKnum" type="java.lang.String">
            <column name="order_knum" length="50" />
        </property>
        <property name="orderDonetime" type="java.sql.Timestamp">
            <column name="order_donetime" length="19" />
        </property>
        <property name="orderComment" type="java.lang.Integer">
            <column name="order_comment" />
        </property>
        <property name="userId" type="java.lang.String">
            <column name="user_id" length="60" />
        </property>
        <property name="admId" type="java.lang.String">
            <column name="adm_id" length="60" />
        </property>
        <property name="expressId" type="java.lang.Integer">
            <column name="express_id" />
        </property>
        <property name="orderContent" type="java.lang.String">
            <column name="order_content" length="65535" />
        </property>
    </class>
</hibernate-mapping>
