<?xml version="1.0" encoding="utf-8"?>
<!DOCTYPE hibernate-mapping PUBLIC "-//Hibernate/Hibernate Mapping DTD 3.0//EN"
"http://hibernate.sourceforge.net/hibernate-mapping-3.0.dtd">
<!-- 
    Mapping file autogenerated by MyEclipse Persistence Tools
-->
<hibernate-mapping>
    <class name="cn.wellstudio.precisehelp.entity.OrderTodo" table="order_todo" catalog="precisehelp">
        <id name="ordertodoId" type="java.lang.Integer">
            <column name="ordertodo_id" />
            <generator class="native" />
        </id>
        <property name="orderNumber" type="java.lang.String">
            <column name="order_number" length="30" />
        </property>
        <property name="orderPs" type="java.lang.String">
            <column name="order_ps" length="200" />
        </property>
        <property name="orderTime" type="java.sql.Timestamp">
            <column name="order_time" length="19" />
        </property>
        <property name="orderPay" type="java.lang.Integer">
            <column name="order_pay" />
        </property>
        <property name="orderCancel" type="java.lang.Integer">
            <column name="order_cancel" />
        </property>
        <property name="addressId" type="java.lang.Integer">
            <column name="address_id" />
        </property>
        <property name="userId" type="java.lang.String">
            <column name="user_id" length="60" />
        </property>
        <property name="orderContent" type="java.lang.String">
            <column name="order_content" length="65535" />
        </property>
    </class>
</hibernate-mapping>
