<?xml version="1.0" encoding="utf-8"?>
<!DOCTYPE hibernate-mapping PUBLIC "-//Hibernate/Hibernate Mapping DTD 3.0//EN"
"http://hibernate.sourceforge.net/hibernate-mapping-3.0.dtd">
<!-- 
    Mapping file autogenerated by MyEclipse Persistence Tools
-->
<hibernate-mapping>
    <class name="cn.wellstudio.precisehelp.entity.Questionreply" table="questionreply" catalog="precisehelp">
        <id name="replyId" type="java.lang.Integer">
            <column name="reply_id" />
            <generator class="native" />
        </id>
        <property name="replyContent" type="java.lang.String">
            <column name="reply_content" length="200" not-null="true" />
        </property>
        <property name="replyTime" type="java.sql.Timestamp">
            <column name="reply_time" length="19" />
        </property>
        <property name="admId" type="java.lang.String">
            <column name="adm_id" length="60" />
        </property>
        <property name="quesId" type="java.lang.String">
            <column name="ques_id" length="60" />
        </property>
        <property name="userId" type="java.lang.String">
            <column name="user_id" length="60" />
        </property>
    </class>
</hibernate-mapping>
