<?xml version="1.0" encoding="utf-8"?>
<!DOCTYPE hibernate-mapping PUBLIC "-//Hibernate/Hibernate Mapping DTD 3.0//EN"
"http://hibernate.sourceforge.net/hibernate-mapping-3.0.dtd">
<!-- 
    Mapping file autogenerated by MyEclipse Persistence Tools
-->
<hibernate-mapping>
    <class name="cn.wellstudio.precisehelp.entity.Toaddress" table="toaddress" catalog="precisehelp">
        <id name="addressId" type="java.lang.Integer">
            <column name="address_id" />
            <generator class="native" />
        </id>
        <property name="addressProvince" type="java.lang.String">
            <column name="address_province" length="20" />
        </property>
        <property name="addressCity" type="java.lang.String">
            <column name="address_city" length="20" />
        </property>
        <property name="addressArea" type="java.lang.String">
            <column name="address_area" length="30" />
        </property>
        <property name="addressRoad" type="java.lang.String">
            <column name="address_road" length="30" />
        </property>
        <property name="addressDetail" type="java.lang.String">
            <column name="address_detail" length="100" />
        </property>
        <property name="addressPostcode" type="java.lang.String">
            <column name="address_postcode" length="10" />
        </property>
        <property name="addressName" type="java.lang.String">
            <column name="address_name" length="10" />
        </property>
        <property name="addressPhone" type="java.lang.String">
            <column name="address_phone" length="20" />
        </property>
        <property name="userId" type="java.lang.String">
            <column name="user_id" length="60" />
        </property>
    </class>
</hibernate-mapping>
