<?xml version="1.0" encoding="utf-8"?>
<!DOCTYPE hibernate-mapping PUBLIC "-//Hibernate/Hibernate Mapping DTD 3.0//EN"
"http://hibernate.sourceforge.net/hibernate-mapping-3.0.dtd">
<!-- 
    Mapping file autogenerated by MyEclipse Persistence Tools
-->
<hibernate-mapping>
    <class name="cn.wellstudio.precisehelp.entity.Todolist" table="todolist" catalog="precisehelp">
        <id name="todoId" type="java.lang.Integer">
            <column name="todo_id" />
            <generator class="native" />
        </id>
        <property name="todoTime" type="java.sql.Timestamp">
            <column name="todo_time" length="19" />
        </property>
        <property name="admId" type="java.lang.String">
            <column name="adm_id" length="60" />
        </property>
        <property name="orderdoingId" type="java.lang.Integer">
            <column name="orderdoing_id" />
        </property>
    </class>
</hibernate-mapping>
