<?xml version="1.0" encoding="utf-8"?>
<!DOCTYPE hibernate-mapping PUBLIC "-//Hibernate/Hibernate Mapping DTD 3.0//EN"
"http://hibernate.sourceforge.net/hibernate-mapping-3.0.dtd">
<!-- 
    Mapping file autogenerated by MyEclipse Persistence Tools
-->
<hibernate-mapping>
    <class name="cn.wellstudio.precisehelp.entity.Users" table="users" catalog="precisehelp">
        <id name="userId" type="java.lang.String">
            <column name="user_id" length="60" />
            <generator class="uuid.hex" />
        </id>
        <property name="userAccount" type="java.lang.String">
            <column name="user_account" length="30" />
        </property>
        <property name="userPsw" type="java.lang.String">
            <column name="user_psw" length="30" />
        </property>
        <property name="userPayPsw" type="java.lang.String">
            <column name="user_pay_psw" length="30" />
        </property>
        <set name="couponses" inverse="true">
            <key>
                <column name="user_id" length="60" />
            </key>
            <one-to-many class="cn.wellstudio.precisehelp.entity.Coupons" />
        </set>
    </class>
</hibernate-mapping>
