<?xml version="1.0" encoding="utf-8"?>
<!DOCTYPE hibernate-mapping PUBLIC "-//Hibernate/Hibernate Mapping DTD 3.0//EN"
"http://hibernate.sourceforge.net/hibernate-mapping-3.0.dtd">
<!-- 
    Mapping file autogenerated by MyEclipse Persistence Tools
-->
<hibernate-mapping>
    <class name="cn.wellstudio.precisehelp.entity.Usersfavorite" table="usersfavorite" catalog="precisehelp">
        <composite-id name="id" class="cn.wellstudio.precisehelp.entity.UsersfavoriteId">
            <key-property name="userId" type="java.lang.String">
                <column name="user_id" length="60" />
            </key-property>
            <key-property name="goodsId" type="java.lang.String">
                <column name="goods_id" length="60" />
            </key-property>
        </composite-id>
        <property name="addTime" type="java.sql.Timestamp">
            <column name="add_time" length="19" />
        </property>
    </class>
</hibernate-mapping>
