<?xml version="1.0" encoding="utf-8"?>
<!DOCTYPE hibernate-mapping PUBLIC "-//Hibernate/Hibernate Mapping DTD 3.0//EN"
"http://hibernate.sourceforge.net/hibernate-mapping-3.0.dtd">
<!-- 
    Mapping file autogenerated by MyEclipse Persistence Tools
-->
<hibernate-mapping>
    <class name="cn.wellstudio.precisehelp.entity.Usersinfo" table="usersinfo" catalog="precisehelp">
        <id name="usersinfoId" type="java.lang.Integer">
            <column name="usersinfo_id" />
            <generator class="native" />
        </id>
        <property name="userImg" type="java.lang.String">
            <column name="user_img" length="100" />
        </property>
        <property name="userSex" type="java.lang.String">
            <column name="user_sex" length="5" />
        </property>
        <property name="userNickname" type="java.lang.String">
            <column name="user_nickname" length="30" />
        </property>
        <property name="userSign" type="java.lang.String">
            <column name="user_sign" length="250" />
        </property>
        <property name="userPhone" type="java.lang.String">
            <column name="user_phone" length="20" />
        </property>
        <property name="userIdnum" type="java.lang.String">
            <column name="user_idnum" length="25" />
        </property>
        <property name="userRname" type="java.lang.String">
            <column name="user_rname" length="10" />
        </property>
        <property name="userId" type="java.lang.String">
            <column name="user_id" length="60" />
        </property>
    </class>
</hibernate-mapping>
